{"train/learning_rate":0,"train/epoch":0.987012987012987,"eval/loss":7.587132930755615,"_runtime":650,"eval/steps_per_second":6.443,"train/grad_norm":0.64453125,"total_flos":1.501657477152768e+15,"_timestamp":1.762293432378252e+09,"eval/runtime":291.016,"_wandb":{"runtime":650},"train_runtime":360.0229,"train/loss":7.5963,"train/global_step":38,"train_samples_per_second":2.778,"_step":40,"train_loss":8.19269905592266,"eval/samples_per_second":51.544,"train_steps_per_second":0.106}