{"train/loss":3.7812,"total_flos":4.388814361932595e+16,"eval/steps_per_second":5.811,"eval/samples_per_second":45.764,"_wandb":{"runtime":1820},"train/learning_rate":0,"_step":7222,"train/epoch":1,"eval/loss":4.907557010650635,"train/global_step":7219,"_timestamp":1.7622214980561383e+09,"train/grad_norm":0.55078125,"train_steps_per_second":3.971,"train_samples_per_second":63.537,"eval/runtime":1.3766,"_runtime":1820,"train_runtime":1817.8963,"train_loss":4.339790153410943}