{"eval/runtime":290.9209,"_step":10964,"train_loss":3.607825990707155,"train_steps_per_second":0.555,"train/grad_norm":0.82421875,"total_flos":4.3317042610176e+17,"train/learning_rate":0,"eval/loss":3.1426541805267334,"_timestamp":1.762319240259064e+09,"train_runtime":19741.7735,"eval/steps_per_second":6.445,"train/loss":3.0499,"train_samples_per_second":14.436,"_runtime":20032,"train/epoch":1,"_wandb":{"runtime":20032},"train/global_step":10962,"eval/samples_per_second":51.56}