{"_runtime":8,"train/grad_norm":4.96875,"_wandb":{"runtime":8},"train/epoch":0.0015771212280517295,"train/loss":10.8795,"_timestamp":1.7622222417364554e+09,"train/learning_rate":9.453781512605041e-06,"train/global_step":15,"_step":14}