{"eval/loss":8.49012565612793,"train_steps_per_second":0.025,"train/loss":8.529,"train_runtime":355.7431,"train_loss":9.606721454196506,"eval/samples_per_second":51.578,"train/global_step":9,"_timestamp":1.762298593142319e+09,"eval/steps_per_second":6.447,"train/epoch":0.935064935064935,"_step":11,"train/learning_rate":0,"eval/runtime":290.8211,"train_samples_per_second":2.811,"_wandb":{"runtime":648},"_runtime":648,"train/grad_norm":1.1875,"total_flos":1.422622873092096e+15}