{"train/grad_norm":1.5,"train/learning_rate":7.563025210084033e-06,"_timestamp":1.7622223410136487e+09,"_runtime":7,"_step":11,"train/epoch":0.0012616969824413838,"train/loss":5.0241,"_wandb":{"runtime":7},"train/global_step":12}