{"_wandb":{"runtime":1},"train/learning_rate":3.3519553072625697e-06,"train/epoch":0.0005605381165919282,"_runtime":1,"train/grad_norm":1.2578125,"train/global_step":1,"_step":0,"train/loss":5.029,"_timestamp":1.7622224692574234e+09}