{"_step":2198,"train/global_step":2195,"total_flos":4.336415939336602e+16,"eval/loss":4.037745475769043,"train/epoch":1,"train_steps_per_second":1.075,"train/loss":4.1981,"eval/runtime":1.3759,"train/grad_norm":0.44140625,"train/learning_rate":0,"_runtime":2045,"train_loss":4.666523893004398,"_timestamp":1.76229072292748e+09,"eval/steps_per_second":5.814,"eval/samples_per_second":45.787,"train_samples_per_second":13.967,"_wandb":{"runtime":2045},"train_runtime":2042.7514}