{"train/global_step":7,"_wandb":{"runtime":6},"_timestamp":1.7622225131592293e+09,"_runtime":6,"train/grad_norm":1.2109375,"_step":6,"train/loss":4.8069,"train/epoch":0.0026985350809560524,"train/learning_rate":1.6153846153846154e-05}