{"_runtime":6,"train/epoch":0.002277904328018223,"train/grad_norm":1.1875,"train/learning_rate":1.3636363636363635e-05,"_timestamp":1.7622225575137591e+09,"train/loss":5.0115,"_wandb":{"runtime":6},"train/global_step":5,"_step":4}