{"train/epoch":0.987012987012987,"train/grad_norm":1.0078125,"eval/loss":8.314202308654785,"_step":21,"eval/steps_per_second":6.44,"train/global_step":19,"train_loss":9.22333782597592,"_wandb":{"runtime":652},"train/learning_rate":0,"train_steps_per_second":0.053,"eval/samples_per_second":51.52,"total_flos":1.501657477152768e+15,"train/loss":8.3224,"_timestamp":1.7622944704419446e+09,"train_runtime":359.7723,"_runtime":652,"eval/runtime":291.151,"train_samples_per_second":2.78}