{"train/grad_norm":1.125,"train/epoch":0.001261564339781329,"_step":2,"train/learning_rate":7.563025210084033e-06,"_timestamp":1.7622225362371902e+09,"_wandb":{"runtime":3},"_runtime":3,"train/loss":5.077,"train/global_step":3}