{"train_loss":7.483577021381311,"_timestamp":1.762296252777383e+09,"_step":118,"train_steps_per_second":0.096,"total_flos":4.501932638994432e+15,"eval/samples_per_second":45.943,"eval/steps_per_second":5.743,"train/grad_norm":0.466796875,"_wandb":{"runtime":1519},"train/loss":6.828,"eval/loss":6.964308261871338,"train/epoch":2.961038961038961,"train_samples_per_second":2.518,"_runtime":1519,"train/global_step":114,"train/learning_rate":0,"eval/runtime":326.4881,"train_runtime":1191.2662}