{"train/global_step":9,"train_steps_per_second":0.025,"_step":11,"eval/loss":8.49011516571045,"total_flos":1.422622873092096e+15,"eval/runtime":290.8748,"eval/steps_per_second":6.446,"train_loss":9.606736183166504,"train/epoch":0.935064935064935,"_runtime":648,"train_runtime":355.6691,"eval/samples_per_second":51.569,"_wandb":{"runtime":648},"_timestamp":1.762297887321214e+09,"train/grad_norm":1.1875,"train_samples_per_second":2.812,"train/loss":8.529,"train/learning_rate":0}