{"_wandb":{"runtime":2040},"_step":2198,"train_loss":3.6459584906323896,"eval/samples_per_second":45.695,"train_steps_per_second":1.077,"eval/runtime":1.3787,"train/learning_rate":0,"total_flos":4.336415939336602e+16,"train/grad_norm":0.390625,"_runtime":2040,"eval/steps_per_second":5.803,"train/epoch":1,"train/global_step":2195,"eval/loss":3.5072314739227295,"train_runtime":2037.9232,"train/loss":3.6844,"_timestamp":1.7622251425136528e+09,"train_samples_per_second":14}