{"_wandb":{"runtime":727},"train/learning_rate":0,"total_flos":1.501657477152768e+15,"train/epoch":0.987012987012987,"train_steps_per_second":0.095,"_runtime":727,"train_samples_per_second":2.51,"eval/samples_per_second":45.829,"_timestamp":1.7622970052372754e+09,"_step":40,"eval/runtime":327.3061,"train_runtime":398.3777,"eval/steps_per_second":5.729,"eval/loss":7.66579008102417,"train_loss":8.379967375805503,"train/loss":7.6745,"train/global_step":38,"train/grad_norm":0.67578125}