{"train/grad_norm":1.21875,"train/learning_rate":2.941176470588235e-06,"train/epoch":0.0004906771344455348,"_timestamp":1.7622225772475748e+09,"_wandb":{"runtime":1},"_runtime":1,"_step":0,"train/global_step":1,"train/loss":5.0457}